{"file_hashes":[{"block_hashes":["x2vt/nKM8QZOMGBmqbxcwOAMR5mx6Ju+6kRc1kUPvMQ="],"block_size":4096,"path":"authentication_required.html"},{"block_hashes":["38QxRrRiCJjDePnpXxZw/CTdaz/dHsE8lVL4x8JNHyE="],"block_size":4096,"path":"background.html"},{"block_hashes":["7cMNpQPDd0tbujzpJC12FhBbkAjMdMSkiV6/vKvdb/M="],"block_size":4096,"path":"background.js"},{"block_hashes":["em+zUXKjPRmhczN3lA2xu9LbJumDMSBrFmyzV4N4uAs=","oZ3ksgogtZGt2V3Hx7b3Bx4BWIlR9evH3ZYhb/0KNyI=","OgzJRMAJD4enE+clnRm/qZNi6JsfX45K8kV9Nt4QCSY=","nyRR6Dp0VMqEn52mlpMBalh5YTH79ptVX4xF9hvuDdg=","nZVKTz5dDHVBzwyZQCGTwh+1iI9vrPPStn+ofQrmCJU=","sL525yJ0NdnYt6T4O3GLe7gH1OeUFa0CCuP847Bt4f8=","aioB1FUKrDOomjfVeZ+/O6PjnTOPSahUzg1kn9dhN2c=","/lhKYZ03li7IxIrq81ffA+is3b5UzNJko6JDHFcclM8=","6pgtIpcZ0Am+MLSTlXgV8KnZ8kdhn8OzMbgdgh/oYic=","aLmgUE2EmuegHR+9I8/U8+I4gE+U2DOY30rjdZWtVhU=","83PRXgXhykGmv8/BGbtN0PXewB18FgHoniPox2HNHPg=","E45xC08Na1mSM3zP+HYWp+Tg8S+DPA849uwUDTqs914=","qQzaxLVOilF6+vrJjK+4cAoJzAWcUHPziYJWIWFPD/Y=","/kTwTmzSltVjAyOB3dsuAW6/ZQjOdg9m4cP62dW5Gzg=","EUzLInHw0bnwwl/si2Bq+d1SmoM1lOiYR6qIHFgB2l4=","19+EdsUk0Nb3wQrkIS9n1c0pH9d9fDlmFQ8xQeCQwNI=","Vng52q043+NbrSLYdbwDGfR+EokcfHmKmPRHyYvfm0M=","5xptDaL3cBg7ea4cHXciA9K+IMOIw0enfnxS1MAgjEw=","qvUsFD10WCWkpg8SoZQ6bHxLmq+L3mytwb8kr2uSePQ=","2+7UBeS56SXyzckHf0yLtsOnhttKmKAhXiZ5Vuy2mFc=","ccNHjFnp83SUhY8UMZPGDSjxuM+N6gkBIFe8fZE/+0o="],"block_size":4096,"path":"jquery-2.1.1.min.js"},{"block_hashes":["maGUB1uwxCW+2phsg8TPgZbEO4eL1iKixYhymu6t/YA="],"block_size":4096,"path":"options.html"},{"block_hashes":["2DOXq0aKrVuH47kH4sn+0Z60m/AFvruWfmbdNXkqbLU="],"block_size":4096,"path":"options.js"},{"block_hashes":["1Li1+HHx+d2Ev4+8NSliBqNUqPyWQNSGsZi/lDnS8I4="],"block_size":4096,"path":"resources/off.png"},{"block_hashes":["9lcx3bDppobv6mMSzyErD+P1VOUjWYgf5ONDPqgNZcE="],"block_size":4096,"path":"resources/on.png"},{"block_hashes":["3A+sH4ljOsgKPpC5ICcxXa5sEn4m7ik4IYwuklNC/pM="],"block_size":4096,"path":"util.js"}],"version":2}